Covidence #,Study ID,Title,Reviewer Name,Dataset,Dataset Availability,Data Focus,Disease Focus (if any),Drug Focus (if any),Methods innovation (if any),Sample Size Explicit,Sample Size,One sentence summary of the ML task,Primary Algorithm,Additional Algorithms,Task Type,Method Novelty,Training,External information incorporated?,This paper belongs on the short list of papers to re-examine,Data Available,Code Available
7690,Allam 2021,Visualising Patterns Associated with Adverse Drug Reactions in French Forums,Consensus,Other: Doctissimo (Medical Discussion Forum),Other: Yes,Methods development,"","",ADR word embedding analysis,Yes,665662,Topic modeling via word embeddings used for ADE pattern extraction,Other: Word2vec,"",Unsupervised,Off the shelf method,Transfer learning,Yes,No,No,No
7570,Kreimeyer 2017,Using Probabilistic Record Linkage of Structured and Unstructured Data to Identify Duplicate Cases in Spontaneous Adverse Event Reporting Systems,Consensus,Other: VAERS (Vaccine AE db; FAERS (FDA AE db),Public,Other: Data Mining,"","","",Yes,10438,Probabilistic record linkage to predict duplicate records (binary) in adverse event reporting systems,Other: Probabilistic Record Linkage,"",Stats,Off the shelf method,From scratch,No,No,No,No
7556,Chandak 2020,Using Machine Learning to Identify Adverse Drug Effects Posing Increased Risk to Women,Consensus,FAERS (FDA AE db),Public,Methods development,"","",PV algorithm that leverages advances in machine learning to predict sex risks,Yes,8860677,Sex specific propensity scores for ADR risk,Random Forest,SVM; Logistic Regression,Supervised,Authors made novel changes,From scratch,No,Yes,Yes,Yes
7539,Eslami 2020,Using deep learning methods for discovering associations between drugs and side effects based on topic modeling in social network,Consensus,Other: Ask a patient website,Public,Drug(s),N/A,Anti-depressants; Anti-Pregnancy; Digestion medicines,N/A,No,N/A,HAN and FastText were used to classify side effects of three drug classes based on comments on the Ask a patient website.,Other: Hierarchical Attention Network,FastText; ,Supervised,Off the shelf method,From scratch,Yes,No,No,No
7416,Kim 2020,Twitter Analysis of the Nonmedical Use and Side Effects of Methylphenidate: Machine Learning Study,Consensus,Twitter,Public,Drug(s),"",Methylphenidate,"",Yes,34293,Classify tweets as using the drug for nonmedical uses and classify tweets for side effects,Other: SVM,"",Supervised,Off the shelf method,From scratch,No,Other: Maybe,No,No
7415,Alvaro 2017,"TwiMed: Twitter and PubMed Comparable Corpus of Drugs, Diseases, Symptoms, and Their Relations",Consensus,"Other: Twitter, Scientific Literature (e.g. Pubmed)",Public,Other: Data development,"","",Drug report comparison between Twitter and Pubmed,Yes,2000,None as they just built a corpus for future NLP studies,Other: None,"",Other: None,Off the shelf method,From scratch,No,No,Yes,No
7337,Abatemarco 2018,Training Augmented Intelligent Capabilities for Pharmacovigilance: Applying Deep-learning Approaches to Individual Case Safety Report Processing,Consensus,"Other: Celgene drug safety (20,000 individual case safety reports)",Private,Methods development,"","","",Yes,20000,Automating various entity extraction and classification tasks on individual case safety reports (ICSR).,LSTM,CNN; Conditional Random Field,Supervised,Off the shelf method,From scratch,No,No,Yes,No
7285,Bian 2012,Towards Large-scale Twitter Mining for Drug-related Adverse Events,Consensus,Twitter,Public,Other: Data Mining,"","","",Yes,2000000000,SVM to classify drug users (binary) and potential side effects (binary),Other: SVM,"",Supervised,Off the shelf method,From scratch,No,Other: Maybe,No,No
7203,Liao 2021,Thyroid dysfunction related to vascular endothelial growth factor receptor tyrosine kinase inhibitors: A real-world study based on FAERS,Consensus,FAERS (FDA AE db),Public,Disease(s) and Drug(s),Thyroid dysfunction,Tyrosine kinase inhibitors ,"",Yes,32679,Disproportionality study,ROR,PRR; BCPNN; Empirical Bayes,Stats,Off the shelf method,From scratch,No,No,Yes,No
7202,Gandhi 2012,Thrombotic events associated with C1 esterase inhibitor products in patients with hereditary angioedema: investigation from the United States Food and Drug Administration adverse event reporting system database,Consensus,FAERS (FDA AE db),Public,Disease(s) and Drug(s),Thrombotic Events,C1 Esterase Inhibitor,"",Yes,841126,Identifying association between C1 esterase inhibitors and thrombotic events using disproportionality measurement,BCPNN (Bayesian Confidence Propagation Neural Network),"",Stats,Off the shelf method,From scratch,No,No,Yes,No
7160,Botsis 2011,Text mining for the Vaccine Adverse Event Reporting System: medical text classification using informative feature selection,Consensus,VAERS (Vaccine AE db,Public,Drug(s),H1N1 Influenza,"","",Yes,6034,Text mining features to augment ML classifiers for flagging case reports reporting potential adverse reactions,Random Forest,Naive Bayes; GAM; MARS; SVM; kNN,Supervised,Off the shelf method,From scratch,No,No,No,No
7159,BenAbacha 2015,Text mining for pharmacovigilance: Using machine learning for drug name recognition and drug-drug interaction extraction and classification,Consensus,Other: DDIExtraction,Public,Methods development,"","",Novel NLP architecture to extract drug names and flag drug-drug interactions,No,"",Layered kernel models for named entity recognition (drug names) and drug-drug interactions,Other: SVM,CRF,Supervised,Off the shelf method,From scratch,Yes,Other: Maybe,No,No
7154,Christensson 2012,Text Analytics for Surveillance (TAS): An Interactive Environment for Safety Literature Review,Consensus,Other: AstraZeneca database,Private,Methods development,"","",Using NLP for evaluating literature relevant to periodic safety update reports,No,"",Calculating PMI matrices for ADR terms in literature and safety database,Other: PMI,"",Stats,Authors made novel changes,From scratch,No,No,No,No
7059,Hochberg 2009,Systematic Investigation of Time Windows for Adverse Event Data Mining for Recently Approved Drugs,Consensus,FAERS (FDA AE db),Public,Other: Retrospective study,"","","",Yes,35,Determining the optimal time window to do disproportionality studies,Other: Urn model,"",Stats,Off the shelf method,From scratch,No,No,Yes,No
6991,Hoang 2018,Supervised signal detection for adverse drug reactions in medication dispensing data,Consensus,Other: Australian Pharmaceutical Benefit Scheme,Public,Methods development,"","",signal detection tool for ADRs in medication dispensing data,Yes,7294244,Detecting ADRs in medication data,Xgboost,Logistic Regression; SVM; ANN; Random Forest; ,Supervised,Off the shelf method,From scratch,Yes,Yes,Yes,No
6832,Ogawa 2021,Spontaneous and Immune Checkpoint Inhibitor-Induced Autoimmune Diseases: Analysis of Temporal Information by Using the Japanese Adverse Drug Event Report Database,Consensus,JAERS (Japan AE db),Public,Disease(s) and Drug(s),Autoimmune disease, Immune Checkpoint Inhibitor,"",Yes,1252,Disproportionality study,ROR,time to onset Weibull analysis,Stats,Off the shelf method,From scratch,No,No,Yes,No
6811,Comfort 2018,Sorting Through the Safety Data Haystack: Using Machine Learning to Identify Individual Case Safety Reports in Social-Digital Media,Consensus,"Other: Twitter, Tumblr, Facebook, blogs",Public,Methods development,"","",Identifying ADRs in social media using a classifier,Yes,311189,Identify Individual Case Safety Reports in Social-Digital Media,Other: SVM,"",Supervised,Off the shelf method,From scratch,No,No,No,No
6796,Curtis 2017,Social media for arthritis-related comparative effectiveness and safety research and the impact of direct-to-consumer advertising,Consensus,Other: Facebook; blogs; discussion boards,Public,Disease(s),Herpes; arthritis,"","",Yes,785656,Using NLP classifiers to identify mentions of herpes and arthritis,Other: Treato classifier,"",Supervised,Off the shelf method,From scratch,No,No,Other: Not replicable ,No
6720,Fukazawa 2018,Significance of data mining in routine signal detection: Analysis based on the safety signals identified by the FDA,Consensus,FAERS (FDA AE db),Public,Other: Meta-analysis of previous signals,"","","",Yes,258,Disproportionality assessment of signals generated from FAERS,ROR,"",Stats,Off the shelf method,From scratch,No,No,Yes,No
6711,Ferrajolo 2014,Signal detection of potentially drug-induced acute liver injury in children using a multi-country healthcare database network,Consensus,Other: EU-ADR,Public,Disease(s),acute liver injury,"","",Yes,4838146,Identifying drug-acute liver injury associations using disproportionality measures,Gamma-Poisson shrinker,"",Stats,Off the shelf method,From scratch,No,No,Yes,No
6710,Noguchi 2019,Signal detection of oral drug-induced dementia in chronic kidney disease patients using association rule mining and Bayesian confidence propagation neural network,Consensus,JAERS (Japan AE db),Public,Disease(s) and Drug(s),Chronic kidney disease,"","",Yes,28817,Disproportionality study,BCPNN (Bayesian Confidence Propagation Neural Network),"",Stats,Off the shelf method,From scratch,No,No,Yes,No
6709,Kim 2011,Signal detection of methylphenidate by comparing a spontaneous reporting database with a claims database,Consensus,Other: KFDA; WHO-UMC,Private,Other: Benchmarking datasets,"","","",Yes,11144,Disproportionality study across different datasets,ROR,PRR; chi-squared test; BCPNN; RR,Stats,Off the shelf method,Transfer learning,No,No,No,No
6708,Park 2017,Signal detection of imipenem compared to other drugs from Korea adverse event reporting system database,Consensus,KAERS (Korean AE db),Public,Drug(s),"",Imipenem,"",Yes,3382,Disproportionality study,ROR,PRR; BCPNN,Stats,Off the shelf method,From scratch,No,No,Yes,No
6706,Lee 2021,"Signal detection of drospirenone-containing oral contraceptives: A disproportionality analysis using the Korea Adverse Event Reporting System Database, 2008-2017",Consensus,KAERS (Korean AE db),Public,Drug(s),"","",drospirenone-containing oral contraceptives,Yes,6363,Disproportionality study,ROR,PRR; BCPNN,Stats,Off the shelf method,From scratch,No,No,Yes,No
6704,Kim 2020,"Signal detection of adverse events following pneumococcal vaccines from the Korea adverse event reporting system database, 2005–2016",Consensus,KAERS (Korean AE db),Public,Drug(s),"",Pneumococcal vaccines ,"",Yes,3601,Disproportionality study,ROR,PRR; BCPNN,Stats,Off the shelf method,From scratch,No,No,Yes,No
6700,Hu 2015,Signal detection in FDA AERS database using Dirichlet process,Consensus,FAERS (FDA AE db),Public,Methods development,"","",Dirichlet process for ADR detection,Yes,243510,ADR detection using Dirichlet process ,Other: Dirichlet process ,PRR; BCPNN; simplified Bayes; likelihood ratio test,Stats,Authors made novel changes,From scratch,No,Yes,No,No
6641,Gupta 2018,Semi-Supervised Recurrent Neural Network for Adverse Drug Reaction mention extraction,Consensus,Twitter,Public,Methods development,"","",Using semi-supervised learning to leverage large corpus,Yes,960,ADR mention in tweets ,LSTM,"",Other: Semi-supervised,Authors made novel changes,From scratch,No,No,Yes,No
6615,Magge 2021,SEED: Symptom Extraction from English Social Media Posts using Deep Learning and Transfer Learning,Consensus,Twitter,Public,Methods development,N/A,N/A,N/A,Yes,"4720 DailyStrength, 1340 Tw-NER-v1, 2276 Tw-Resolve",Develop a social media mining tool that detects symptom/disease mentions in Twitter and converts them into UMLS terms.,RNN,GRU; CRF; BERT; Logistic Regression,Supervised,Off the shelf method,Transfer learning,Yes,No,No,No
6572,Haber 2018,"Safety of currently licensed hepatitis B surface antigen vaccines in the United States, Vaccine Adverse Event Reporting System (VAERS), 2005–2015",Consensus,VAERS (Vaccine AE db,Public,Disease(s),Hep B vaccine,"","",Yes,20231,Disproportionality study of side effects for HepB vaccine,Empirical Bayes,"",Stats,Off the shelf method,From scratch,No,No,Yes,No
6546,Lin 2015,Rough-set-based ADR signaling from spontaneous reporting data with missing values,Consensus,FAERS (FDA AE db),Public,Methods development,N/A,N/A,Rough set ADR signaling,No,N/A,Used rough set theory to adjust for missing values in determining disproportionate ADRs,ROR,PRR,Stats,Authors made novel changes,From scratch,No,No,Yes,No
6467,Chen 2008,Risk of hepatotoxicity associated with the use of telithromycin: A signal detection using data mining algorithms,Consensus,FAERS (FDA AE db),Public,Disease(s) and Drug(s),Hepatotoxicity,Telithromycin ,None,Yes,226,Typical PV study using the usual tools to detect hepatoxicity from telithromycin,BCPNN (Bayesian Confidence Propagation Neural Network),ROR; PRR; Gamme-Poisson shrinker,Stats,Off the shelf method,From scratch,No,No,Yes,No
6399,Lindquist 2000,A retrospective evaluation of a data mining approach to aid finding new adverse drug reaction signals in the WHO international database,Consensus,Other: WHO-UMC,Public,Methods development,"","",Early application of BCPNN,No,"",Disproportionality study,BCPNN (Bayesian Confidence Propagation Neural Network),"",Stats,Off the shelf method,From scratch,No,No,Yes,No
6367,Hauben 2006,Reports of hyperkalemia after publication of RALES--a pharmacovigilance study,Consensus,FAERS (FDA AE db),Public,Disease(s) and Drug(s),Hyperkalemia,Aldactone,"",No,"",Disproportionality study for drug and disease,Gamma-Poisson shrinker,PRR,Stats,Off the shelf method,From scratch,No,No,Yes,No
6290,Ebrahimi 2016,Recognition of side effects as implicit-opinion words in drug reviews,Consensus,"Other: ""DrugRatingz.com"" drug reviews, manually annotated",Public,Methods development,N/A,N/A,Development of a rule-based and SVM-based system,Yes,225,Extract drug side effects from drug reviews as an implicit opinion mining system with a rule based and an SVM based algorithm.,Other: SVM,N/A,Supervised,Off the shelf method,From scratch,Yes,No,No,No
6224,BazilaBanu 2013,Ranking drugs in spontaneous reporting system by Naive Bayes,Consensus,FAERS (FDA AE db),Public,Other: Data Mining,"","","",No,"",Naive Bayes for unsupervised ADR-drug signal detection in spontaneous reports,Other: Naive Bayes,"",Unsupervised,Off the shelf method,From scratch,No,No,No,No
6152,Chan 2020,Quantitative data mining in signal detection: the Singapore experience,Consensus,Other: HSA,Public,Methods development,"","",Data mining triage ,Yes,218719,Using SPRT to triage AE-drug combinations ,Other: SPRT,ROR; BCPNN; Gamma-Poisson shrinker,Stats,Off the shelf method,From scratch,No,No,No,No
6056,AldeaPerona 2016,Psychiatric Disorders and Montelukast in Children: A Disproportionality Analysis of the VigiBase(®),Consensus,Other: Vigibase,Public,Drug(s),Psychiatric Disorders,Montelukast,"",Yes,"14,670",BCPNN for ADE signal detection,BCPNN (Bayesian Confidence Propagation Neural Network),"",Stats,Off the shelf method,From scratch,"",Other: No,No,No
6021,Gattepaille 2020,Prospective Evaluation of Adverse Event Recognition Systems in Twitter: Results from the Web-RADR Project,Consensus,Twitter,Private,Other: Benchmarking generalizability of AE Tweet detectors,"","","",Yes,196533,Classifying tweets as containing AE mention or not,Logistic Regression,"",Supervised,Off the shelf method,Transfer learning,No,Yes,No,No
6008,Courtois 2018,Propensity Score-Based Approaches in High Dimension for Pharmacovigilance Signal Detection: an Empirical Comparison on the French Spontaneous Reporting Database,Consensus,Other: French AE db,Public,Disease(s),Drug induced liver injury,"","",Yes,382484,Comparing several methods to calculate propensity scores for PV signal detection,Xgboost,Logistic Regression; Lasso Regression,Stats,Off the shelf method,From scratch,No,No,Yes,No
5840,Jiang 2019,Prediction of Personal Experience Tweets of Medication Use via Contextual Word Representations(),Consensus,Twitter,Public,Methods development,"","",BERT model for identifying medication in tweets,Yes,12331,Using BERT to featurize tweet then MLP to classifying whether tweet has ADR,Other: BERT,MLP,Other: Supervised,Other: Authors made novel changes,Other: Transfer learning,Other: No,Other: No,Yes,No
5772,Hammann 2010,Prediction of adverse drug reactions using decision tree modeling,Consensus,Other: DrugBank,Public,Methods development,"","",Predicting ADRs from structure for post market surveillance ,Yes,507,Predicting ADRs from drug structure,Random Forest,"",Supervised,Off the shelf method,From scratch,Yes,No,Yes,No
5634,Choudhury 2019,Predicting Adverse Drug Reactions on Distributed Health Data using Federated Learning,Consensus,Other: MarketScan,Private,Methods development,"","",Federated learning for ADR detection,Yes,1161048;86674,Using federated learning to detect ADRs,Other: SVM,MLP; Logistic Regression,Other: Supervised,Authors made novel changes,From scratch,No,Yes,Yes,No
5629,Chee 2011,Predicting adverse drug events from personal health messages,Consensus,Other: Health forums,Other: Internet scrape,Methods development,"","",Leveraging online health forum data to identify ADEs ,Yes,12519807,Classifying online health forum posts as related to ADE or not,Other: SVM,Naive Bayes,Supervised,Off the shelf method,From scratch,No,No,No,No
5602,Leeper 2013,Practice-Based Evidence: Profiling the Safety of Cilostazol by Text-Mining of Clinical Notes,Consensus,EHR data,Private,Drug(s),Peripheral Arterial Disease,Cilostazol,N/A,Yes,5757 PAD patients,"Used logistic regression to compare claudication, major adverse cardiovascular events (MACE), major adverse limb events (MALE) and arrhythia symptoms for Cilostazol patients vs other patients, and adjust for confounding with propensity scores.",Logistic Regression,N/A,Supervised,Off the shelf method,From scratch,No,No,No,No
5595,Hauben 2005,Potential utility of data-mining algorithms for early detection of potentially fatal/disabling adverse drug reactions: A retrospective evaluation,Consensus,FAERS (FDA AE db),Public,Other: Retrospective study,"","","",Yes,65, disproportionality analysis to determine if these methods would have provided SDRs from a sample of ADEs obtained from a published compilation of blackbox warnings/drug withdrawals in advance,Gamma-Poisson shrinker,PRR,Stats,Off the shelf method,From scratch,No,No,Yes,No
5563,Moro 2012,"Postlicensure safety surveillance for high-dose trivalent inactivated influenza vaccine in the vaccine adverse event reporting system, 1 July 2010-31 December 2010",Consensus,VAERS (Vaccine AE db,Public,Drug(s),"",High-DoseTrivalent Inactivated Influenza Vaccine,"",Yes,606,Disproportionality study,Empirical Bayes,"",Stats,Off the shelf method,From scratch,No,No,Yes,No
5557,Moro 2016,"Post-Marketing Surveillance of Human Rabies Diploid Cell Vaccine (Imovax) in the Vaccine Adverse Event Reporting System (VAERS) in the United States, 1990‒2015",Consensus,VAERS (Vaccine AE db,Public,Drug(s),"",Human Rabies Diploid Cell Vaccine,"",Yes,1611,Disproportionality study,Empirical Bayes,"",Stats,Off the shelf method,From scratch,No,No,Yes,No
5556,Haber 2015,"Post-licensure surveillance of trivalent live-attenuated influenza vaccine in children aged 2-18 years, vaccine adverse event reporting system, United States, July 2005-June 2012",Consensus,VAERS (Vaccine AE db,Public,Drug(s),"",Live-Attenuated Influenza Vaccine,"",Yes,2619,Detecting AE for new vaccine using disproportionality task,Empirical Bayes,"",Stats,Off the shelf method,From scratch,No,No,Yes,No
5555,Haber 2014,"Post-licensure surveillance of trivalent live attenuated influenza vaccine in adults, United States, Vaccine Adverse Event Reporting System (VAERS), July 2005-June 2013",Consensus,VAERS (Vaccine AE db,Public,Drug(s),Influenza,Trivalent live attenuated influenza vaccine,N/A,Yes,1362,Used empirical bayes to assess disproportionate reporting of adverse events following LAIV3 vaccination.,Empirical Bayes,N/A,Stats,Off the shelf method,From scratch,No,No,Yes,No
5554,Haber 2019,"Post-licensure surveillance of trivalent adjuvanted influenza vaccine (aIIV3; Fluad), Vaccine Adverse Event Reporting System (VAERS), United States, July 2016–June 2018",Consensus,VAERS (Vaccine AE db,Public,Drug(s),Influenza,Trivalent adjuvanted influenza vaccine (allV3),N/A,Yes,630,Used empirical bayes to assess disproportionate reporting of adverse events following allV3 vaccination.,Empirical Bayes,N/A,Stats,Off the shelf method,From scratch,No,No,Yes,No
5553,Haber 2015,"Post-licensure surveillance of quadrivalent live attenuated influenza vaccine United States, Vaccine Adverse Event Reporting System (VAERS), July 2013-June 2014",Consensus,VAERS (Vaccine AE db,Public,Drug(s),Influenza,Quadrivalent live attenuated influenza vaccine (LAIV4),N/A,Yes,928,Used empirical bayes to assess disproportionate reporting of adverse events following LAIV4 vaccination.,Empirical Bayes,N/A,Stats,Off the shelf method,From scratch,No,No,Yes,No
5552,Haber 2016,"Post-licensure surveillance of quadrivalent inactivated influenza (IIV4) vaccine in the United States, Vaccine Adverse Event Reporting System (VAERS), July 1, 2013-May 31, 2015",Consensus,VAERS (Vaccine AE db,Public,Drug(s),Influenza,Quadrivalent inactivated influenza vaccines (IIV4),N/A,Yes,1838,Used empirical bayes to assess disproportionate reporting of adverse events following IIV4 vaccination.,Empirical Bayes,N/A,Stats,Off the shelf method,From scratch,No,No,Yes,No
5551,Haber 2016,"Post-licensure surveillance of 13-valent pneumococcal conjugate vaccine (PCV13) in adults aged ⩾19 years old in the United States, Vaccine Adverse Event Reporting System (VAERS), June 1, 2012–December 31, 2015",Consensus,VAERS (Vaccine AE db,Public,Drug(s),Pneumonia,Pneumococcal conjugate vaccine (PCV13),N/A,Yes,2976 PCV13 reports,Used empirical bayes to assess disproportionate reporting of adverse events following PCV13 vaccination.,Empirical Bayes,N/A,Stats,Off the shelf method,From scratch,No,No,Yes,No
5550,Miller 2018,"Post-licensure safety surveillance of zoster vaccine live (Zostavax®) in the united states, vaccine adverse event reporting system (VAERS), 2006-2015",Consensus,VAERS (Vaccine AE db,Public,Drug(s),"",Zoster vaccine,"",Yes,23092,Disproportionality study,Empirical Bayes,"",Stats,Off the shelf method,From scratch,No,No,Yes,No
5549,Miller 2016,"Post-licensure safety surveillance of 23-valent pneumococcal polysaccharide vaccine in the Vaccine Adverse Event Reporting System (VAERS), 1990-2013",Consensus,VAERS (Vaccine AE db,Public,Drug(s),"",pneumococcal polysaccharide vaccine,"",Yes,25128,Disproportionality study,Empirical Bayes,"",Stats,Off the shelf method,From scratch,No,No,Yes,No
5455,Hussain 2021,Pharmacovigilance with Transformers: A Framework to Detect Adverse Drug Reactions Using BERT Fine-Tuned with FARM,Consensus,Other: Twitter; Scientific Literature (e.g. Pubmed),Public,Methods development,"","",BERT architectural innovations to improve multi-task learning,Yes,9290,"Deep learning to first classify ADR-related posts (binary) in social media, then label ADR sequences in the text",Transformer,SMV; MLP; LSTM; CNN,Supervised,Authors made novel changes,Transfer learning,No,Yes,Yes,No
5436,Liu 2018,Pharmacovigilance from social media: An improved random subspace method for identifying adverse drug events,Consensus,Other: Health forums,Public,Methods development,Heart diseases,N/A,Stratified Sampling based Random Subspace (SSRS),Yes,2.2 million sentences,Use SSRS to select subspaces for feature partitioning and take advantage of shallow linguistic and semantic features for ADE identification in heart forums.,Other: SSRS,Bagging; Boosting; Random Subspace,Supervised,Authors made novel changes,From scratch,No,Yes,No,No
5153,Batbaatar 2019,Ontology-Based Healthcare Named Entity Recognition from Twitter Messages Using a Recurrent Neural Network Approach,Consensus,Twitter,Other: No,Methods development,"","",Novel deep learning architecture for named entity recognition,Yes,1403393,Named entity recognition for flagging health-related conditions and diseases,RNN,LSTM; CNN; CRF,Supervised,Off the shelf method,From scratch,Yes,Other: Maybe,No,No
5060,Bui 2014,A novel feature-based approach to extract drug-drug interactions from biomedical text,Consensus,Other: DDI-2011; DDI-2013,Public,Methods development,"","",Identifying DDI in Medline abstracts,Yes,10093,Extract DDI from free text using SVMs,Other: SVM,"",Other: Supervised,Other: Off the shelf method,From scratch,No,No,Yes,Yes
5055,Fralick 2021,A novel data mining application to detect safety signals for newly approved medications in routine care of patients with diabetes,Consensus,Other: MarketScan,Private,Methods development,"",canagliflozin,hierarchical tree-based scan statistic data mining method,Yes,184865,hierarchical tree-based scan statistic data mining method for finding AE-drug associations,Other: unconditional Bernoulli tree-based scan statistic,"",Stats,Authors made novel changes,From scratch,No,No,No,Yes
5046,Botsis 2014,Novel algorithms for improved pattern recognition using the US FDA Adverse Event Network Analyzer,Consensus,VAERS (Vaccine AE db,Public,Methods development,"","",Network analysis tool for information extraction,No,"",Network visualization and weighting schemas to inform potential drug-ADR pairs,Other: Network analysis,"",Stats,Off the shelf method,From scratch,No,No,No,No
4889,Botsis 2011,Network analysis of possible anaphylaxis cases reported to the US vaccine adverse event reporting system after H1N1 influenza vaccine,Consensus,VAERS (Vaccine AE db,Public,Disease(s) and Drug(s),Anaphylaxis,H1N1 Influenza,"",Yes,237,Network analysis  (eg. centrality measures) for pattern extraction between H1N1 vaccine and adverse reactions to inform how anaphylaxis manifests itself,Other: Network centrality measures,"",Stats,Off the shelf method,From scratch,No,No,No,No
4836,Fan 2019,Myocarditis following the use of different immune checkpoint inhibitor regimens: A real-world analysis of post-marketing surveillance data,Consensus,FAERS (FDA AE db),Public,Disease(s) and Drug(s),myocarditis,immune checkpoint inhibitors,"",Yes,9354226,Disproportionality calculation for myocarditis and immune checkpoint inhibitiors,BCPNN (Bayesian Confidence Propagation Neural Network),ROR; Gamma-Poisson Shrinker; PRR,Stats,Off the shelf method,From scratch,No,No,Yes,No
4807,Antonazzo 2018,Multiple sclerosis as an adverse drug reaction: clues from the FDA Adverse Event Reporting System,Consensus,FAERS (FDA AE db),Public,Disease(s),Multiple sclerosis,"","",Yes,5202124,Detect a relationship between drug exposures and multiple sclerosis using disproportionality tests,ROR,"",Stats,Off the shelf method,Other: ,No,No,Yes,No
4733,Moro 2020,"Monitoring the safety of high-dose, trivalent inactivated influenza vaccine in the vaccine adverse event reporting system (VAERS), 2011 – 2019",Consensus,VAERS (Vaccine AE db,Public,Drug(s),"","high-dose, trivalent inactivated influenza vaccine","",Yes,12320,Disproportionality study,Empirical Bayes,"",Stats,Off the shelf method,From scratch,No,No,Yes,No
4711,Kurosaki 2021,Molecular Initiating Events Associated with Drug-Induced Liver Malignant Tumors: An Integrated Study of the FDA Adverse Event Reporting System and Toxicity Predictions,Consensus,FAERS (FDA AE db),Public,Disease(s) and Drug(s),Liver Malignant Tumors,Endocrine-Disrupting Chemicals (EDC drugs),"",Yes,35393413,Disproportionality analysis for signal detection of a potential ADR-drug pair (binary),ROR,Linear Regression,Stats,Off the shelf method,From scratch,No,No,No,No
4615,Blumenthal 2019,Mining social media data to assess the risk of skin and soft tissue infections from allergen immunotherapy,Consensus,Other: Various social media sites,Public,Drug(s),Allergic Rhinitis; Asthma,Allergen immunotherapy,N/A,Yes,25126 AIT posts and influenza vaccine posts,Compare skin and soft tissue infection risk between allergen immunotherapy and influenza vaccine.,"Other: Identified with ""NLP"", seems just like search. Not really ML.",N/A,Stats,Other: Off the shelf method,Other: From scratch,Yes,No,No,No
4612,Chen 2020,Mining reported adverse events induced by potential opioid-drug interactions,Consensus,FAERS (FDA AE db),Public,Drug(s),None,Opioids,None,Yes,91073,Supervised machine learning to detect opioid-drug interactions,Random Forest,logistic regression,Supervised,Off the shelf method,From scratch,No,No,Yes,No
4609,Chen 2018,Mining Patients' Narratives in Social Media for Pharmacovigilance: Adverse Effects and Misuse of Methylphenidate,Consensus,Other: Publicly available French forums,"Other: Forums are open, but it doesn't seem that the authors have provided their particular datasets",Drug(s),None,Methylphenidate,None,Yes,3443,An NLP pipeline to identify methylphenidate abuse and ADEs from a corpus of 21 million posts. Correlated topic model was used to identify trends,Other: Correlated topic model,clustering,Unsupervised,Off the shelf method,From scratch,No,No,No,No
4607,Duval 2019,Mining in Twitter for adverse events from malaria drugs: the case of doxycycline,Consensus,Twitter,Public,Disease(s) and Drug(s),Malaria,Doxycycline,N/A,No,N/A,"Develop a tool to automatically collect and analyze AE in twitter, and demonstrate this analysis on doxycycline for malaria",Other: PRR (proportional reporting ratio),N/A,Stats,Off the shelf method,From scratch,No,No,No,No
4605,Estacio-Moreno 2008,Mining for adverse drug events with formal concept analysis,Consensus,Other: French database,Public,Methods development,"","",Pair disproportionality measures with context hierarchy to improve ADR detection,Yes,13178,Network approach to disproportionality statistics for ADR-drug detection (binary),Other: PRR,"",Stats,Authors made novel changes,From scratch,Yes,No,No,No
4598,Chasioti 2019,Mining Directional Drug Interaction Effects on Myopathy Using the FAERS Database,Consensus,FAERS (FDA AE db),Public,Disease(s),myopathy,"","",Yes,4077447,Detect DDI risk of myopathy from odds ratio,ROR,"",Stats,Off the shelf method,From scratch,No,No,Yes,No
4597,Ibrahim 2016,Mining association patterns of drug-interactions using post marketing FDA's spontaneous reporting data,Consensus,FAERS (FDA AE db),Public,Methods development,"","",Drug-interaction algorithm based on association rule mining,Yes,632722,Association pattern mining that leverage conventional disproportionality metrics to identify drug-drug interactions (binary),ROR,PRR,Stats,Authors made novel changes,From scratch,No,No,No,No
4462,Li 2018,Meningococcal conjugate vaccine safety surveillance in the Vaccine Safety Datalink using a tree-temporal scan data mining method,Consensus,VAERS (Vaccine AE db,Public,Drug(s),"",Meningococcal conjugate vaccine,Tree-temporal scan data mining method,Yes,1253403,Disproportionality study,Other: Tree-based scan statistics,"",Stats,Authors made novel changes,From scratch,No,No,Yes,No
4447,Cao 2013,Medical records-based postmarketing safety evaluation of rare events with uncertain status,Consensus,Other: Claims,Private,Methods development,"","",Gaussian approximation and parametric bootstrap for estimating critical values used in ADR signal detection,Yes,17433,Statistical estimators using purely analytic or simulation-based asymptotic calculations,Other: Statistics,"",Stats,Authors made novel changes,From scratch,No,No,No,No
4366,McMaster 2019,A Machine-Learning Algorithm to Optimise Automated Adverse Drug Reaction Detection from Clinical Coding,Consensus,EHR data,Private,Methods development,N/A,N/A,N/A,Yes,245 ADR reports,Use random forest to discriminate between true and false ADR reports based on ICD-10 coding,Random Forest,Logistic Regression; SVM; Neural Network,Supervised,Off the shelf method,From scratch,No,No,No,No
4322,Jeong 2018,Machine learning model combining features from algorithms with different analytical methodologies to detect laboratory-event-related adverse drug reaction signals,Consensus,Other: EU-SPC; SIDER; OMOP CDM v5,Public,Methods development,"","",Focusing on using EHR labs rather than other data,Yes,1674,identifying ADRs from lab tests in EHR data,Random Forest,Logistic regression; SVM; neural network,Supervised,Off the shelf method,From scratch,No,No,Yes,No
4318,Datta 2021,Machine learning liver-injuring drug interactions with non-steroidal anti-inflammatory drugs (NSAIDs) from a retrospective electronic health record (EHR) cohort,Consensus,EHR data,Private,Disease(s) and Drug(s),Liver Injury,NSAIDs,"",Yes,397064,ADR signal detection (binary),Logistic Regression,ROR; Gamma-Poisson shrinker; BCPNN,Stats,Off the shelf method,From scratch,No,No,No,No
4304,Bae 2020,Machine Learning for Detection of Safety Signals From Spontaneous Reporting System Data: Example of Nivolumab and Docetaxel,Consensus,KAERS (Korean AE db),Other: Not sure,Drug(s),"",Nivolumab; Docetaxel,"",Yes,136; 485,Compare gradient boosted decision trees and random forest to ROR and IC to predict unknown adverse drug reactions for nivolumab and docetaxel.,Random Forest,Gradient Boosted Decision Tree; ROR; IC; SMOTE,Supervised,Off the shelf method,Transfer learning,Yes,Yes,Other: Not sure how to get access to KAERS,No
4278,Kim 2021,Machine Learning Approach for Active Vaccine Safety Monitoring,Consensus,EHR data,Private,Disease(s) and Drug(s),Anaphylaxis; Agranulocytosis,Influenza Vaccine,"",Yes,45238,Predict anaphylaxis or agranulocytosis (binary) among elderly recipients of the flu shot,Random Forest,LIME,Supervised,Off the shelf method,From scratch,No,Other: Maybe,No,No
4264,Meng 2021,Lung Cancer Adverse Events Reports for Angiotensin-Converting Enzyme Inhibitors: Data Mining of the FDA Adverse Event Reporting System Database,Consensus,FAERS (FDA AE db),Public,Disease(s) and Drug(s),Lung cancer,angiotensin-converting enzyme inhibitors,"",Yes,622,Disproportionality study,ROR,BCPNN,Stats,Off the shelf method,From scratch,No,No,Yes,No
4177,Eshleman 2016,Leveraging graph topology and semantic context for pharmacovigilance through twitter-streams,Consensus,Twitter,Public,Methods development,N/A,N/A,drug-effect graphs,Yes,"1430 drugs, 5868 side effects, 139756 relationships, 157735 tweets",Model drug side effects and tweets as separate graphs and integrate their information to determine adverse drug effects,Random Forest,N/A,Other: Supervised & Unsupervised,Authors made novel changes,From scratch,No,Yes,Yes,No
4174,Farooq 2020,Leveraging digital media data for pharmacovigilance,Consensus,Twitter,Public,Other: Data Mining,"","","",Yes,1670855,Text mining co-occurrence of drugs and ADRs in tweets to inform potential ADR-drug signals (binary),Other: Tanimoto Coefficient,"",Stats,Off the shelf method,From scratch,No,No,No,No
4013,Gentry 2014,Investigation of pegloticase-associated adverse events from a nationwide reporting system database,Consensus,FAERS (FDA AE db),Public,Drug(s),"",Pegloticase,"",Yes,835835,Detecting AE for Pegloticase using disproportionality methods,BCPNN (Bayesian Confidence Propagation Neural Network),"",Stats,Off the shelf method,From scratch,No,No,Yes,No
3937,Fong 2017,Integrating natural language processing expertise with patient safety event review committees to improve the analysis of medication events,Consensus,EHR data,Private,Methods development,"","",Proof of concept for improving manual case review with NLP systems,No,774,Training multiple binary classifiers for pharmacy delivery delays; pharmacy dispensing errors; prescriber errors; and discrpancy errors ,Other: SVM,Decision Trees; Cosine Similarity,Supervised,Off the shelf method,From scratch,No,Other: Maybe,No,No
3886,Campillos-Llanos 2019,Initial Experiments for Pharmacovigilance Analysis in Social Media Using Summaries of Product Characteristics,Consensus,Other: Web Posts,Public,Methods development,"","",Summaries of product characteristics,Yes,1178,NLP for named entity recognition to flag drugs and pathologies and fed to a classifier for ADR detection,Other: Naive Bayes,CRF,Supervised,Off the shelf method,From scratch,No,No,Yes,No
3686,Ambe 2021,In Silico Approach to Predict Severe Cutaneous Adverse Reactions Using the Japanese Adverse Drug Event Report Database,Consensus,JAERS (Japan AE db),Public,Disease(s),Sever cutaneous adverse reactions,"","",Yes,380,Deep learning on molecular structure of drugs that caused severe skin reaction based on proportional reporting ratio flagged drugs,Other: ANN,"",Supervised,Off the shelf method,From scratch,Yes,No,Yes,No
3637,Bousquet 2005,Implementation of automated signal generation in pharmacovigilance using a knowledge-based approach,Consensus,Other: French Database,Public,Methods development,"","",Text mining additional disease definitions (eg lab values) to improve disproportionality measure estimation,Yes,42284,Disproportionality methods for automated ADR detection with ,BCPNN (Bayesian Confidence Propagation Neural Network),ROR; PRR,Stats,Off the shelf method,From scratch,No,No,No,No
3591,Chen 2021,Immune-related adverse events associated with immune checkpoint inhibitors: An updated comprehensive disproportionality analysis of the FDA adverse event reporting system,Consensus,FAERS (FDA AE db),Public,Disease(s),Imnune-related adverse events,Immune checkpoint inhibitors,None,Yes,"32,441",Detecting immune-related AEs using traditional PV methods,Other: ROR / PRR,None,Stats,Off the shelf method,From scratch,No,No,Yes,No
3587,Ma 2021,Immune checkpoint inhibitors-related myocarditis in patients with cancer: an analysis of international spontaneous reporting systems,Consensus,FAERS (FDA AE db),Public,Disease(s) and Drug(s),Myocarditis; Cancer,Immune checkpoint inhibitors,N/A,Yes,7613,Determine the relationship between myocarditis and use of immune checkpoint inhibitors based on disproportionate spontaneous reporting.,BCPNN (Bayesian Confidence Propagation Neural Network),ROR; PRR,Stats,Off the shelf method,From scratch,No,No,No,No
3563,Jiang 2018,Identifying tweets of personal health experience through word embedding and LSTM neural network,Consensus,Twitter,Public,Methods development,"","","",No,12331, tweet texts were represented as dense vectors which in turn were fed to the LSTM neural network as sequences to classify personal health experiences,LSTM,"",Supervised,Off the shelf method,Transfer learning,No,No,Yes,Yes
3560,Botsis 2015,Identifying Similar Cases in Document Networks Using Cross-Reference Structures,Consensus,VAERS (Vaccine AE db,Public,Methods development,"","",Topic modeling using graph theory,Yes,9271,Clustering documents in vaccine-ADR networks to isolate similar cases,Other: Louvain clustering,VOS; kNN,Supervised,Off the shelf method,From scratch,No,No,No,No
3539,Demailly 2020,Identifying Drugs Inducing Prematurity by Mining Claims Data with High-Dimensional Confounder Score Strategies,Consensus,EHR data,Private,Disease(s),Premature Delivery,"","",Yes,57407,Predicting prematurity induced by drugs with use of propensity scores and risk scores,Linear regression,GBM,Supervised,Off the shelf method,From scratch,No,No,No,No
3537,Jimeno-Yepes 2015,"Identifying Diseases, Drugs, and Symptoms in Twitter",Consensus,Twitter,Public,Methods development,"","",Benchmarking entity recognition systems on twitter data,Yes,1300,PV entity recognition in tweets,Other: conditional random field,"",Supervised,Off the shelf method,From scratch,No,No,Yes,No
3532,Adrover 2015,Identifying Adverse Effects of HIV Drug Treatment and Associated Sentiments Using Twitter,Consensus,Twitter,Private,Disease(s),HIV,"","",Yes,37000,Classifying tweets as relevant or not for HIV,Other: SVM,ANN; Boosted Decision Trees,Supervised,Off the shelf method,From scratch,No,No,No,No
3527,Henriksson 2015,Identifying adverse drug event information in clinical notes with distributional semantic representations of context,Consensus,Other: Stockholm EPR Corpus,Public,Methods development,"","",Pipeline to extract ADE from reports,Yes,3690,"Named entity extraction, concept attribute labeling, and relation extraction in clinical notes",Other: Bag of words,Random forests,Other: Supervised; Unsupervised,Off the shelf method,From scratch,No,Yes,Yes,No
3470,Cai 2017,Identification of adverse drug-drug interactions through causal association rule discovery from spontaneous adverse event reports,Consensus,FAERS (FDA AE db),Public,Methods development,"","",Introduce causal relationship inference into existing association rule discovery methods using inspiration from causal bayesian networks,Yes,4509229,Causal association rule discovery (CARD) for drug-drug interaction signal detection in spontaneous drug reporting systems,Other: Causal Association Rule Discovery,"",Stats,Authors made novel changes,From scratch,No,Other: Maybe,No,No
3450,Kadoyama 2011,"Hypersensitivity reactions to anticancer agents: data mining of the public version of the FDA adverse event reporting system, AERS",Consensus,FAERS (FDA AE db),Public,Disease(s) and Drug(s),Hypersensitivity reactions,anticancer agents,"",Yes,1644220,Disproportionality study,ROR,PRR; BCPNN; empirical Bayes,Stats,Off the shelf method,From scratch,No,No,Yes,No
3432,Gong 2020,Human papillomavirus vaccine-associated premature ovarian insufficiency and related adverse events: data mining of Vaccine Adverse Event Reporting System,Consensus,VAERS (Vaccine AE db,Public,Disease(s) and Drug(s),premature ovarian insufficiency,HPV vaccine,"",Yes,238927,Disproportionality study to detect AE for new vaccine,BCPNN (Bayesian Confidence Propagation Neural Network),Gamma-Poisson shrinker,Stats,Off the shelf method,From scratch,No,No,Yes,No
3288,Dupuch 2012,Grouping the pharmacovigilance terms with a hybrid approach,Consensus,Other: MedDRA,Public,Methods development,N/A,N/A,Combining two approaches for similarity,Yes,84 SMQs; 228542 UMLS synonyms; 45782 general synonyms; 28691 biomedical terminology synonyms.,Combines a semantic similarity approach with a terminology structure approach for detecting semantic relatedness between ADR terms,Other: Semantic Similarity,Hierarchical Ascendant Classification Clustering; R Radius Clustering; Directed Graph Clustering,Unsupervised,Authors made novel changes,From scratch,Yes,No,No,No
3121,Hu 2020,Fournier Gangrene Associated with Sodium-Glucose Cotransporter-2 Inhibitors: A Pharmacovigilance Study with Data from the U.S. FDA Adverse Event Reporting System,Consensus,FAERS (FDA AE db),Public,Disease(s) and Drug(s),Fournier Gangrene,Sodium-Glucose Cotransporter-2 Inhibitors (SGLT2),"",Yes,13229847,Disproportionality analysis to explore an existing safety warning,ROR,PRR; BCPNN; Gamma-Poisson shrinker,Stats,Off the shelf method,From scratch,No,No,Other: Available upon request,No
3062,Abdellaoui 2017,Filtering Entities to Optimize Identification of Adverse Drug Reaction From Social Media: How Can the Number of Words Between Entities in the Messages Help?,Consensus,Other: Detec’t database,Private,Methods development,"","",Decreasing false positive ADRs by looking at the distance between disease and symptom,Yes,700,Decreasing false positive ADRs by looking at the distance between disease and symptom,Other: Clustering,"",Unsupervised,Off the shelf method,From scratch,No,No,No,No
3048,Leroy 2012,"Febrile seizures after 2010-2011 influenza vaccine in young children, United States: A vaccine safety signal from the vaccine adverse event reporting system",Consensus,VAERS (Vaccine AE db,Public,Disease(s) and Drug(s),Febrile seizures,influenza vaccine,"",Yes,456,Disproportionality study,Empirical Bayes,"",Stats,Off the shelf method,From scratch,No,No,Yes,No
3043,Dai 2016,Feature Engineering for Recognizing Adverse Drug Reactions from Twitter Posts,Consensus,Twitter,Public,Methods development,"","",Named entity recognition architecture for feature extraction to classify ADR mentions in social media,Yes,7574,NLP tools (CRFs and word embeddings) to extract features used in SVM classification of tweets with or without ADR mentions,Other: SVM,CRF; Word Embeddings,Supervised,Off the shelf method,From scratch,Yes,No,Yes,Yes
3016,Ahmed 2010,False discovery rate estimation for frequentist pharmacovigilance signal detection methods,Consensus,Other: French AE DB; simulated data,Public,Methods development,"","",Method to estimate false discovery rate of PV signals,Yes,672,A new signal-generation procedure to determine the correct p-value for disproportionality studies,ROR,"",Stats,Authors made novel changes,Other: ,Other: ,No,Yes,No
2994,Gurulingappa 2012,Extraction of potential adverse drug events from medical case reports,Consensus,Other: ADE corpus,Public,Methods development,"","",Using SVM to detect AEs in case reports,Yes,2972,Binary classification of text to detect AE mentions,Other: SVM,"",Supervised,Off the shelf method,From scratch,No,No,Yes,No
2992,Dandala 2020,Extraction of Information Related to Drug Safety Surveillance From Electronic Health Record Notes: Joint Modeling of Entities and Relations Using Knowledge-Aware Neural Attentive Models,Consensus,EHR data,Public,Methods development,"","",Deep learning architecture for entity and relationship detection,Yes,505,Deep learning model to flag drug and relationship in free text using contextual embeddings,LSTM,Word Embeddings; CRF,Supervised,Authors made novel changes,From scratch,Yes,Yes,No,No
2988,Aramaki 2010,Extraction of adverse drug effects from clinical records,Consensus,EHR data,Private,Methods development,Any,Any with adverse effects,Pattern and SVM based 'relation identification',Yes,233 summaries,"To predict if a term is symptom/drug, and predict whether each term pair has an adverse effect.",Other: SVM,Conditional Random Field,Supervised,Authors made novel changes,From scratch,Yes,No,No,No
2984,Du 2021,Extracting postmarketing adverse events from safety reports in the vaccine adverse event reporting system (VAERS) using deep learning,Consensus,VAERS (Vaccine AE db,Public,Methods development,GBS (Guillain-Barre syndrome),Influenza Vaccine,Training domain-specific BERT on VAERS reports,Yes,2512 entities,Used various deep learning models to perform named entity recognition and predict adverse event relevant entities in VAERS .,Transformer,Conditional Random Fields; LSTM; BERT,Supervised,Authors made novel changes,Transfer learning,Yes,Yes,Yes,No
2983,Chen 2020,Extracting medications and associated adverse drug events using a natural language processing system combining knowledge base and deep learning,Consensus,Other: MIMIC discharge summaries (n2c2 challenge),Public,Drug(s),None,None,Novel hybrid LSTM architecture ,Yes,505,Novel BiLSTM to detect adverse drug events in discharge summaries,LSTM,None,Supervised,Authors made novel changes,Transfer learning,Yes,Yes,Yes,No
2973,Mahendran 2021,Extracting Adverse Drug Events from Clinical Notes,Consensus,Other: n2c2-2018 ADE extraction dataset,Other: HMS DBMI,Methods development,N/A,N/A,N/A,Yes,505 MIMIC-III discharge summaries,"Compare rule-based, deep learning, and contextualized language model approach for extracting drug events from MIMIC-III notes.",CNN,BERT,Supervised,Off the shelf method,Transfer learning,Yes,Yes,Yes,No
2952,Fan 2019,Exploring the drug-induced anemia signals in children using electronic medical records,Consensus,EHR data,Private,Disease(s),Anemia,N/A,N/A,Yes,247136 patients,Used matched odds ratio to identify of drugs correlated with anemia,Other: Matched Odds Ratio,N/A,Stats,Off the shelf method,From scratch,No,No,No,No
2940,He 2004,Exploring possible adverse drug reactions by clustering event sequences,Consensus,Other: Queensland Linked Data Set,Public,Methods development,"","",KNNs for ADR detection,Yes,222,Developing KNN for clustering of patients to detect ADR ,Other: KNN,"",Unsupervised,Authors made novel changes,From scratch,No,No,Yes,No
2878,Hochberg 2009,An evaluation of three signal-detection algorithms using a highly inclusive reference event database,Consensus,FAERS (FDA AE db),Public,Methods development,"","",Benchmarking disproportionality methods,Yes,6207,Benchmarking disproportionality methods,Gamma-Poisson shrinker,PRR; urn model,Stats,Off the shelf method,From scratch,Yes,No,Yes,No
2876,Ando 2019,Evaluation of the expression time of ganciclovir-induced adverse events using JADER and FAERS,Consensus,Other: FAERS; JADER,Public,Drug(s),"",Ganciclovir,"",Yes,7482865,Estimating time to onset of various side effects using Weibull distribution,Other: Weibull distribution,ROR,Stats,Off the shelf method,From scratch,No,No,Yes,No
2875,Kose 2017,Evaluation of the expression profile of extrapyramidal symptoms due to antipsychotics by data mining of Japanese adverse drug event report (JADER) database,Consensus,JAERS (Japan AE db),Public,Disease(s) and Drug(s),Extrapyramidal Symptoms,antipsychotics,"",Yes,"",Disproportionality study,ROR,time to onset Weibull distribution,Stats,Off the shelf method,From scratch,No,No,Yes,No
2833,Colman 2008,An evaluation of a data mining signal for amyotrophic lateral sclerosis and statins detected in FDA's spontaneous adverse event reporting system,Consensus,FAERS (FDA AE db),Public,Disease(s) and Drug(s),amyotrophic lateral sclerosis,statins,"",Yes,155126 ,Identifying statistical relationship between statins and ALS,Gamma-Poisson shrinker,"",Stats,Off the shelf method,From scratch,No,No,Yes,No
2766,Alimova 2019,Entity-Level Classification of Adverse Drug Reaction: A Comparative Analysis of Neural Network Models,Consensus,"Other: Twitter, Scientific Literature (e.g. Pubmed), EHR data",Public,Methods development,"","",Novel application and comparison of deep learning architectures,Yes,8438,Deep learning for entity recognition and sentiment analysis to flag ADEs in free text,LSTM,SVM,Supervised,Off the shelf method,From scratch,Yes,Yes,No,No
2755,Ju 2020,An ensemble of neural models for nested adverse drug events and medication extraction with subwords,Consensus,Other: 2018 n2c2,Public,Methods development,"","",automatically extract adverse drug events and drug related entities from clinical narratives,Yes,505,"extract adverse drug events and drug related entities from clinical narratives,",Other: ensemble of NN and CRF models,"",Supervised,Authors made novel changes,From scratch,No,No,Yes,No
2752,Kim 2020,Ensemble method-based extraction of medication and related information from clinical texts,Consensus,EHR data,Public,Methods development,"","",Ensembling method to detect ADRs in free text,Yes,505,ADR binary concept extraction using ensemble method and ADR relation classification using SVM,LSTM,CRF; SEARN; SVM; Word Embeddings,Supervised,Off the shelf method,From scratch,Yes,No,Yes,No
2741,Grissette 2020,Enhancing convolution-based sentiment extractor via dubbed N-gram embedding-related drug vocabulary,Consensus,Other: Twitter; PsyTAR; DrugBank; SMM4H; ADRMINE,Public,Methods development,"","",N-gram-based convolution vocabulary scheme,Other: Yes,267215; 891; 248146; NA; NA,featurizing text under medical setting and clarifying related sentiment at the same level,LSTM,CNN; ensembles,Other: Supervised,Authors made novel changes,Transfer learning,Yes,No,Yes,No
2718,Ménard 2019,Enabling Data-Driven Clinical Quality Assurance: Predicting Adverse Event Reporting in Clinical Trials Using Machine Learning,Consensus,Other: Roche/Genentech sponsored clinical studies,Private,Methods development,N/A,N/A,N/A,Yes,104,Predict the expected number of adverse events in the clinical studies based on patient & study attributes using a gradient boosted machine,Xgboost,GLM,Supervised,Off the shelf method,From scratch,No,No,No,No
2590,Lou 2021,Effect of dydrogesterone and progesterone on threatened miscarriage due to corpus luteum insufficiency,Consensus,Other: Prospective Study ,Private,Drug(s),N/A,Dydrogesterone; Progesterone,N/A,Yes,1285,"XGBoost was used to predict miscarriage, preterm brith, postpartum hemorrhage, and adverse events from various indicators, medication, pregnancy and testing information.",Xgboost,N/A,Supervised,Off the shelf method,From scratch,No,No,No,No
2519,Ahmed 2012,Early detection of pharmacovigilance signals with automated methods based on false discovery rates: a comparative study,Consensus,Other: French pharmacovigilance database,Public,Methods development,"","","",Yes,335,Automated ADE signal detection with disproportionality metrics,Gamma-Poisson shrinker,"Information Component, Proportional Reporting Ratio",Stats,Off the shelf method,From scratch,No,No,No,No
2463,Hatahira 2017,Drug-induced gingival hyperplasia: A retrospective study using spontaneous reporting system databases,Consensus,Other: FAERS; JADER,Public,Disease(s),Drug-induced gingival hyperplasia,"","",Yes,6252303,Detecting relationship between drugs and gingival hyperplasia using disproportionality studies,ROR,Association rule mining,Stats,Off the shelf method,From scratch,No,No,Yes,No
2437,Kulldorff 2013,Drug safety data mining with a tree-based scan statistic,Consensus,EHR data,Private,Methods development,"","",Tree-based scan statistic to detect ADR signals,Yes,3417000,Creating hierarchical adverse event trees using diagnoses (claims) among drug users by maximizing log likelihood ratio as a form of disproportionality measures,Other: Tree-based Scan Statistic,"",Stats,Off the shelf method,From scratch,No,Other: Maybe,No,No
2410,Kang 2020,Drug Adverse Reaction Discovery Based on Attention Mechanism and Fusion of Emotional Information,Consensus,Other: Online Posts,Public,Methods development,"","",Integrating emotional context from patient reviews to improve ADR detection,Yes,11392,Identify and classify ADRs in online posts,LSTM,CNN,Supervised,Off the shelf method,From scratch,No,Other: Maybe,No,No
2357,Ji 2010,"A distributed, collaborative intelligent agent system approach for proactive postmarketing drug safety surveillance",Consensus,Other: Simulated Data,Other: Synthetic,Methods development,"","",Knowledge-based approach for ADR detection by coordinating across multiple systems in near real-time,Yes,275400,Genetic algorithm development to learn physician-like rules to detect ADRs,Other: Genetic Algorithm,"",Supervised,Authors made novel changes,From scratch,No,No,No,No
2200,Han 2017,Development of an automated assessment tool for MedWatch reports in the FDA adverse event reporting system,Consensus,FAERS (FDA AE db),Public,Methods development,"","",Method to identify useful safety reports,Yes,326,identifying reports most likely to demonstrate causal relationships to the suspect medications,Random Forest,SVM; Logistic Regression,Supervised,Off the shelf method,From scratch,Yes,Yes,Yes,No
2182,Boland 2017,Development of A Machine Learning Algorithm to Classify Drugs Of Unknown Fetal Effect,Consensus,EHR data,Private,Drug(s),"",Drugs with unknown pregnancy effects,"",Yes,84863,Random forest classifier for labeling drugs as harmful or safe when considering either fetal loss or congenital abnormalities,Random Forest,Logistic Regression,Supervised,Off the shelf method,From scratch,No,Yes,No,No
2173,Gurulingappa 2012,Development of a benchmark corpus to support the automatic extraction of drug-related adverse effects from medical case reports,Consensus,Scientific Literature (e.g. Pubmed),Public,Other: Dataset development,"","","",Yes,3000,Developing a new dataset for automatic extraction of drug-related AE,Other: ,"",Supervised,Authors made novel changes,Other: ,Other: ,No,Yes,Other: 
2141,Gartland 2021,Developing Crowdsourced Training Data Sets for Pharmacovigilance Intelligent Automation,Consensus,Other: Twitter; Facebook,Public,Other: Data Mining,"","","",Yes,15490,Data quality validation for crowdsourcing annotation of social media posts to flag ADRs,Other: None,"",Stats,Off the shelf method,From scratch,No,No,No,No
2107,Girardeau 2015,Detection of Drug–Drug Interactions Inducing Acute Kidney Injury by Electronic Health Records Mining,Consensus,Other: Hôpital Européen Georges Pompidou,Private,Disease(s),acute kidney injuries,"","",Yes,606524,logistic regression model to evaluate the association between AKI and co-prescription,Logistic Regression,"",Supervised,Off the shelf method,From scratch,No,No,No,No
2105,Banu 2014,Detection of dechallenge in spontaneous reporting systems: A comparison of Bayes methods,Consensus,FAERS (FDA AE db),Public,Methods development,"","",Noval application of Naive Bayes for detecting the disappearance of ADRs after stopping drugs,Yes,5584,Naive Bayes to detect the disappearance of ADRs after stopping drugs,Other: Naive Bayes,"",Unsupervised,Off the shelf method,From scratch,No,No,No,No
2103,Bunchuailua 2010,Detection of adverse drug reaction signals in the Thai FDA Database: Comparison between reporting odds ratio and Bayesian confidence propagation neural network methods,Consensus,Other: Thai database,Public,Methods development,"","",Comparing ROR and BCPNN,Yes,150000,Comparing ROR and BCPNN in ADR detection,BCPNN (Bayesian Confidence Propagation Neural Network),ROR,Stats,Off the shelf method,From scratch,No,No,Yes,No
2098,Chan 2017,Detecting Signals of Disproportionate Reporting from Singapore's Spontaneous Adverse Event Reporting System: An Application of the Sequential Probability Ratio Test,Consensus,Other: HSA (Singapore AE db),Public,Methods development,"","",Comparing SPRT and other PV methods,Yes,151180,Comparing SPRT and other PV methods on HSA data,Other: Sequential probability ratio test,ROR; BCPNN;  GPS ,Stats,Off the shelf method,From scratch,No,Other: No,Yes,No
2088,Mahata 2018,Detecting Personal Intake of Medicine from Twitter,Consensus,Twitter,Public,Methods development,N/A,N/A,Stacked Ensemble of Shallow CNNs,Yes,10260 tweets,"Train a CNN on each fold of a c-fold cross validation on the training dataset to categorize tweets into definite, possible, and non medication intake.",CNN,N/A,Supervised,Authors made novel changes,Transfer learning,No,No,Yes,No
2079,Masino 2018,Detecting Adverse Drug Reactions on Twitter with Convolutional Neural Networks and Word Embedding Features,Consensus,Twitter,Public,Methods development,N/A,N/A,N/A,Yes,4402 tweets,Trained a CNN taking as input a matrix constructed with ordered word embeddings from a tweet to predict whether the tweet contains an ADR mention.,CNN,SVM,Supervised,Off the shelf method,From scratch,Yes,No,No,No
2075,Chapman 2019,Detecting Adverse Drug Events with Rapidly Trained Classification Models,Consensus,EHR data,Private,Methods development,"","",Novel NLP architecture for text mining ADR detection features,Yes,79004,Text mining features for random forest classification for ADR detection,Random Forest,CRF; Word Embeddings; KMeans,Supervised,Off the shelf method,From scratch,No,Other: Maybe,No,Yes
1974,Cocos 2017,Deep learning for pharmacovigilance: recurrent neural network architectures for labeling adverse drug reactions in Twitter posts,Consensus,Twitter,Public,Methods development,"","",Using BLSTM to classifying Twitter posts as having an ADR or not,Yes,844,Labeling ADR in Twitter posts,Other: BLSTM ,Conditional Random Fields,Supervised,Off the shelf method,Transfer learning,No,No,Yes,No
1967,F 2020,Deep Learning for Adverse Event Detection from Web Search,Consensus,Other: User search queries provided by Comscore,Private,Methods development,N/A,N/A,DeepSAVE,Other: Yes,"75,522,063 search queries",Detecting AE based on serach query logs usingan enriched variational autoencoder with query embedding and user modeling modules.,Other: Variational Autoencoder,Transformer,Supervised,Authors made novel changes,From scratch,Yes,Yes,No,No
1961,Fan 2021,Deep learning approaches for extracting adverse events and indications of dietary supplements from clinical text,Consensus,EHR data,Private,Drug(s),"",Dietary Supplements,"",Yes,7000,Named entity recognition and relation extraction to flag ADRs (binary) in free text associated with dietary supplements,LSTM,BERT; CRF; CNN; RF; Word Embeddings,Supervised,Off the shelf method,From scratch,Yes,Other: Maybe,No,No
1955,Calix 2017,Deep Gramulator: Improving Precision in the Classification of Personal Health-Experience Tweets with Deep Learning,Consensus,Twitter,Public,Methods development,"","",Combination of word embeddings and gramulator for feature extraction from free text,Yes,15715,Comparison of classifiers with or without the word embedding granulator features to detect personal health experience tweets (binary),Other: Word embedding,SVM; Logistic Regression; KNN; Decision Trees; Neural Network,Supervised,Authors made novel changes,From scratch,No,No,No,No
1902,Chazard 2009,Data-mining-based detection and prevention of adverse drug events,Consensus,Other: European hospitals data,Private,Methods development,"","",Data mining to learn decision trees for predicting ADEs,Yes,10500,Data mining to learn decision trees for predicting ADEs,Other: Decision tree,"",Supervised,Off the shelf method,From scratch,No,No,No,No
1900,Kim 2017,Data-mining for detecting signals of adverse drug reactions of fluoxetine using the Korea Adverse Event Reporting System (KAERS) database,Consensus,KAERS (Korean AE db),Public,Drug(s),"",Fluoxetine,"",Yes,866,Disproportionality study,ROR,PRR; BCPNN,Other: Stats,Off the shelf method,From scratch,No,No,Yes,No
1898,Bate 2002,Data-mining analyses of pharmacovigilance signals in relation to relevant comparison drugs,Consensus,Other: WHO,Public,Methods development,"","",Early BCPNN proof of concept,No,"",BCPNN to detect disproportional ADR-drug co-occurrence ,BCPNN (Bayesian Confidence Propagation Neural Network),"",Stats,Off the shelf method,From scratch,No,No,No,No
1882,Chazard 2011,Data mining to generate adverse drug events detection rules,Consensus,Other: European hospital db,Private,Methods development,"","",Data mining to learn decision tree rules,Yes,115447,Data mining to learn decision tree rules,Other: Decision trues,"",Supervised,Off the shelf method,From scratch,No,No,No,No
1879,Ang 2016,Data mining spontaneous adverse drug event reports for safety signals in Singapore - a comparison of three different disproportionality measures,Consensus,Other: HSA Singapore AE db ,Public,Methods development,"","",Comparing disproportionality measurements,Yes,151180 ,Comparing different proportionality measurements,ROR,BCPNN; Gamma-Poisson shrinker,Stats,Off the shelf method,Other: ,No,No,Yes,No
1876,Muñoz 2016,Data Mining of the US FDA’s Adverse Events Reporting System Database to Evaluate Drug–Drug Interactions Associated with Statin-Induced Rhabdomyolysis,Consensus,FAERS (FDA AE db),Public,Disease(s) and Drug(s),Rhabdomyolysis,Statins,"",Yes,4161,Disproportionality study,ROR,Empirical bayes;,Stats,Off the shelf method,From scratch,No,No,Yes,No
1866,Martin 2013,Data mining for prospective early detection of safety signals in the vaccine adverse event reporting system (VAERS): A case study of febrile seizures after a 2010-2011 seasonal influenza virus vaccine,Consensus,VAERS (Vaccine AE db,Public,Disease(s) and Drug(s),Febrile seizures,influenza vaccine,"",Yes,38000,Disproportionality ,Empirical Bayes,Gamma-poisson shrinker,Stats,Off the shelf method,From scratch,No,No,Yes,No
1857,Bate 2002,A data mining approach for signal detection and analysis,Consensus,Other: WHO,Public,Methods development,"","",Early BCPNN proof of concept,No,"",BCPNN to detect disproportional ADR-drug realtionships in the WHO international database,BCPNN (Bayesian Confidence Propagation Neural Network),"",Stats,Off the shelf method,From scratch,No,No,No,No
1850,Guo 2021,Data mining and analysis for adverse event signals of dupilumab based on U. S. Food and Drug Administration Adverse Event Reporting System database,Consensus,FAERS (FDA AE db),Public,Drug(s),"",Warfarin; aspirin; clopidogreal,"",Yes,2231029,Comparing effectiveness of different disproportionality methods,BCPNN (Bayesian Confidence Propagation Neural Network),PRR; ROR; Empirical Bayes,Stats,Off the shelf method,From scratch,No,No,Yes,No
1792,Alvaro 2015,Crowdsourcing Twitter annotations to identify first-hand experiences of prescription drug use,Consensus,Twitter,Public,Methods development,"","",Social media data cleaning via crowdsourcing,Yes,1548,Predicting ADRs and ADEs in free text using crowdsourced annotation,Linear regression,"C50, SVM, Naive Bayes, Multi-Layer Perceptron, LDA",Supervised,Off the shelf method,From scratch,No,Other: Maybe,Other: Broken Github link,No
1540,Botsis 2013,The contribution of the vaccine adverse event text mining system to the classification of possible Guillain-Barré syndrome reports,Consensus,VAERS (Vaccine AE db,Public,Disease(s),Guillain-Barre Syndrome,"","",Yes,180000,Text mining to flag diagnoses and cosine similarity to disease-specific diagnoses to flag disease in case reports,Other: Cosine similarity,"",Stats,Off the shelf method,From scratch,No,No,No,No
1337,Gavrielov-Yusim 2019,Comparison of text processing methods in social media-based signal detection,Consensus,Other: Social media and VigiBase,Other: Mixed,Other: Benchmarking,"","","",Yes,2500,Benchmarking NLP vs ML approaches for processing social media approaches for AE detection,BCPNN (Bayesian Confidence Propagation Neural Network),PRR; ROR; Empirical Bayes;,Stats,Off the shelf method,From scratch,No,No,Other: Mixed,No
1334,Ha 2020,"Comparison of signal detection of tumour necrosis factor-α inhibitors using the Korea Adverse Events Reporting System Database, 2005–2016",Consensus,KAERS (Korean AE db),Public,Drug(s),"",tumor necrosis factor-α inhibitors,"",Yes,1439,Disproportionality study of TNF alpha inhibitors; predicting AEs that are more likely to occur with drug use,Logistic Regression,BCPNN; PRR; ROR,Other: Stats; Supervised,Off the shelf method,From scratch,No,No,Yes,No
1333,Noguchi 2020,Comparison of Signal Detection Algorithms Based on Frequency Statistical Model for Drug-Drug Interaction Using Spontaneous Reporting Systems,Consensus,JAERS (Japan AE db),Public,Methods development,"","",Benchmarking disproportionality studies,Yes,374327,Benchmarking disproportionality methods,Other: PRR,Ω shrinkage measure; additive(risk difference); multiplicative(risk ratio); combination  risk  ratio,Stats,Off the shelf method,From scratch,No,No,Yes,No
1321,Li 2008,A comparison of measures of disproportionality for signal detection on adverse drug reaction spontaneous reporting database of Guangdong province in China,Consensus,Other: Guangdong database,Public,Methods development,"","",Benchmarking disproportionality measurements on Chinese data,Yes,41596,Disproportionality measurement benchmarking,BCPNN (Bayesian Confidence Propagation Neural Network),PRR; ROR,Stats,Off the shelf method,From scratch,No,No,No,Yes
1310,Kubota 2004,Comparison of data mining methodologies using Japanese spontaneous reports,Consensus,Other: SRS (old Japanese AE db),Public,Methods development,"","",Benchmarking disproportionality studies,No,"",Comparing disproportionality measures on Japanese data,ROR,Gamma-Poisson shrinker; ROR; MCA; BCPNN; PRR,Stats,Off the shelf method,From scratch,No,No,Yes,No
1283,Lee 2017,A comparative study of different methods for automatic identification of clopidogrel-induced bleedings in electronic health records,Consensus,EHR data,Private,Drug(s),"",Clopidogrel,"",Yes,2268,"ADR detection (binary) focused on comparing rule-based, machine-learning, and likelihood score methods",Other: SVM,"",Supervised,Off the shelf method,From scratch,No,No,No,No
1237,Lakshmi 2019,A comparative analysis of adverse drug reaction prediction techniques,Consensus,Other: EHR data; Online Posts,Private,Other: Methods comparison,"","","",No,"",Comparing ADR classifiers (binary) and exploring ensemble methods,Other: SVM,Naive Bayes; Decision Tree; KNN; TF-IDF; N-grams; LSTM,Supervised,Off the shelf method,From scratch,No,No,No,No
1226,Bravo 2016,"Combining machine learning, crowdsourcing and expert knowledge to detect chemical-induced diseases in text",Consensus,Other: BC5 Challenge ,Public,Methods development,"","",Combining ML and rules based approach to identify drug induced diseases,Yes,9758,Identify chemical-induced diseases using SVMs+rules+expert knowledge,Other: SVM,"",Supervised,Authors made novel changes,From scratch,Yes,No,Yes,No
1196,Hu 2020,Colitis following the use of immune checkpoint inhibitors: A real-world analysis of spontaneous reports submitted to the FDA adverse event reporting system,Consensus,FAERS (FDA AE db),Public,Disease(s) and Drug(s),Colitis,Immune Checkpoint Inhibitors (ICIs),"",Yes,13649428,Disproportionality analysis to examine a potential ADR-drug relationship informed by case studies,BCPNN (Bayesian Confidence Propagation Neural Network),ROR; PRR; Gamma-Poisson shrinker,Stats,Off the shelf method,From scratch,No,No,Other: Available upon request,No
1195,Dewulf 2021,Cold-Start Problems in Data-Driven Prediction of Drug-Drug Interaction Effects,Consensus,Other: Unknown AERS,Public,Methods development,"","",Novel changes to a kernel ridge regression,No,"",Predicting drug-drug interactions for newly approved drugs,Other: Kernel Ridge Regression,"",Supervised,Off the shelf method,From scratch,No,No,Yes,No
1130,Dai 2019,Classifying adverse drug reactions from imbalanced twitter data,Consensus,Twitter,Public,Methods development,"","",Oversampling method using word embedding vector space to offset ADR class imbalance,Yes,15717,Adjusted sampling of word embeddings to improve classification (SVM) of ADR mentions,Other: SVM,Word Embeddings,Supervised,Authors made novel changes,From scratch,Yes,No,No,No
1105,Bagattini 2019,A classification framework for exploiting sparse multi-variate temporal features with application to adverse drug event detection in medical records,Consensus,EHR data,Public,Methods development,"","",Symbolic representation of multi-variate feature spaces for classifying ADEs in EHR data,Yes,Variable,Classification of ADE from EHR data,Other: s-shapelet,Random Forest,Supervised,Authors made novel changes,From scratch,Yes,Yes,Yes,Yes
1102,Ahmed 2018,Class-imbalanced subsampling lasso algorithm for discovering adverse drug reactions,Consensus,Other: French pharmacovigilance database,Public,Methods development,"","",Novel subsampling approach used for lasso regression signal detection,No,"",Lasso regression used for signal detection with subsampling to reduce FDR,Other: Lasso regression,"",Supervised,Off the shelf method,From scratch,No,Yes,No,Other: Upon request from the author
1095,Davazdahemami 2018,A chronological pharmacovigilance network analytics approach for predicting adverse drug events,Consensus,Scientific Literature (e.g. Pubmed),Public,Methods development,"","",Network analysis for feature extraction to augment ADR detection,Yes,9672,Predict existence of ADR-drug relationship (binary) defined by MEDLINE citations using features extracted from network centrality measures,Other: GBM,ANN; Random Forest; Logistic Regression,Supervised,Authors made novel changes,From scratch,No,No,No,No
978,Bollegala 2018,Causality Patterns for Detecting Adverse Drug Reactions From Social Media: Text Mining Approach,Consensus,Twitter,Public,Methods development,"","",NLP for ADR detection using causal lexical rules,Yes,166663,SVM to classify the presence of an ADR (binary) using skipgram features as inputs to inform causality,Other: SVM,Skipgram; CNN,Supervised,Off the shelf method,From scratch,No,Yes,No,No
958,Gandhi 2013,Cardiovascular thromboembolic events associated with febuxostat: investigation of cases from the FDA adverse event reporting system database,Consensus,FAERS (FDA AE db),Public,Disease(s) and Drug(s),Cardiovascular thromboembolic events,Uloric (Febuxostat),"",Yes,990948,BCPNN signal detection for a specific ADR-drug pairing using FAERS data,BCPNN (Bayesian Confidence Propagation Neural Network),"",Stats,Off the shelf method,From scratch,No,No,No,No
801,Harpaz 2011,Biclustering of adverse drug events in the FDA's spontaneous reporting system,Consensus,FAERS (FDA AE db),Public,Methods development,"","",identify drug groups that share a common set of adverse events,Yes,441009,identify drug groups that share a common set of adverse events,Other: Bicluster algorithm,Empirical Bayes,Unsupervised,Authors made novel changes,From scratch,No,No,Yes,No
773,Ahmed 2009,Bayesian pharmacovigilance signal detection methods revisited in a multiple comparison setting,Consensus,Other: French pharmacovigilance database,Public,Methods development,"","",Multiple comparison using BCPNN and Gamma Poisson Shrinkage,No,"",Use BCPNN/GPS to rank signals and reduce false discovery,BCPNN (Bayesian Confidence Propagation Neural Network),Gamma-Poisson shrinker,Supervised,Authors made novel changes,From scratch,No,No,No,No
752,Cesana 2007,Bayesian data mining techniques: The evidence provided by signals detected in single-company spontaneous reports databases,Consensus,Other: Sales data,Private,Other: AE after imaging dye admin,"","","",Yes,34323,Comparing BCPNN and Gamma-Poisson shrinker on a company specific dataset,BCPNN (Bayesian Confidence Propagation Neural Network),Gamma-Poisson Shrinker,Stats,Off the shelf method,From scratch,No,No,No,No
708,Gurulingappa 2013,Automatic detection of adverse events to predict drug label changes using text and data mining techniques,Consensus,Other: FAERS; Yellow Cards; SIDER,Public,Methods development,"","",Multistage pipeline to extract AE from drug safety reports,Yes,2972,AE extraction from text; disproportionality study,Gamma-Poisson shrinker,Kernel functions,Supervised,Off the shelf method,Transfer learning,No,No,Yes,No
701,Foufi 2020,Automatic Classification of Discharge Letters to Detect Adverse Drug Reactions,Consensus,EHR data,Private,Other: Data Mining,"","","",Yes,300,Manually processed discharge notes (unstructured to structured) used as inputs to classification models for ADR detection,Other: SVM,Naive Bayes; Logistic Regression,Supervised,Off the shelf method,From scratch,No,No,No,No
674,Bouzillé 2019,An Automated Detection System of Drug-Drug Interactions from Electronic Patient Records Using Big Data Analytics,Consensus,EHR data,Private,Methods development,"","",identifying ADEs with neural networks,No,"",Applying an MLP to predict ADEs from EHR records,Other: MLP,"",Supervised,Off the shelf method,From scratch,No,No,No,No
663,Cheetham 2014,An automated causality assessment algorithm to detect drug-induced liver injury in electronic medical record data,Consensus,Other: EMR data from Kaiser Permanente Southern California,Private,Methods development,Drug-induced liver injury,"",develop an automated causality assessment algorithm to identify drug-induced liver injury,Other: Yes,1239071,Identify drugs that may have cause DILI using disproportionality stats,Empirical Bayes,"",Stats,Authors made novel changes,From scratch,Yes,No,No,No
656,Hoang 2018,Authenticity and credibility aware detection of adverse drug events from social media,Consensus,Twitter,Public,Methods development,"","",Bayesian model for authenticity and credibility aware detection of ADEs from social media,Yes,1191767,authenticity and credibility aware detection of ADEs from social media,Other: AC-SPASM Bayesian model ,"",Stats,Authors made novel changes,From scratch,Yes,Yes,Yes,No
654,Ding 2021,Augmenting aer2vec: Enriching distributed representations of adverse event report data with orthographic and lexical information,Consensus,FAERS (FDA AE db),Public,Methods development,"","",Augmenting concept embeddings for ADR-drug relationships,Yes,4514527,Conceptual embeddings for ADR-drug relationships using skip-gram negative sampling (SGNS) and similarity measures used to detect ADR signals (binary),Other: Word Embeddings,"",Unsupervised,Authors made novel changes,From scratch,No,Other: Maybe,No,No
645,Ding 2018,An Attentive Neural Sequence Labeling Model for Adverse Drug Reactions Mentions Extraction,Consensus,Other: Twitter; Scientific Literature (e.g. Pubmed),Public,Methods development,"","",Accounting for word misclassification in free text mining by supplementing character embeddings as inputs to neural nets,Yes,7665,Extracting ADR mentions (binary) from free text,LSTM,Word Embeddings; BGRU,Supervised,Off the shelf method,From scratch,Yes,Yes,Yes,Yes
620,Fujimoto 2015,Association between statin use and cancer: Data mining of a spontaneous reporting database and a claims database,Consensus,Other: FAERS; Japanese Medical Data Center,Public,Disease(s) and Drug(s),cancer,statins,"",Yes,4052885,Identifying association between cancers and statins using disproportionality measurement,ROR,BCPNN,Stats,Off the shelf method,From scratch,No,No,Other: Mixed,No
615,Noguchi 2019,Association between dipeptidyl peptidase-4 inhibitors and autoimmune disorders: Data mining of the spontaneous reporting system in Japan,Consensus,JAERS (Japan AE db),Public,Disease(s) and Drug(s),autoimmune disorders,dipeptidyl peptidase-4 inhibitors,"",Yes,38887,Disproportionality study,BCPNN (Bayesian Confidence Propagation Neural Network),PRR,Stats,Off the shelf method,From scratch,No,No,Yes,No
611,Cai 2018,The Association Between Arthralgia and Vedolizumab Using Natural Language Processing,Consensus,EHR data,Private,Disease(s) and Drug(s),Arthralgia,Vedolizumab,"",Yes,1585,NLP for data mining mentions of arthralgia in encounter notes to inform potential ADR,Other: Cox Regression,"",Stats,Off the shelf method,From scratch,No,No,No,No
601,Ivanov 2019,Assessment of the cardiovascular adverse effects of drug-drug interactions through a combined analysis of spontaneous reports and predicted drug-target interactions,Consensus,Other: FAERS,Other: Public,Disease(s),Myocardial Infarction; Ischemic Stroke; Ventricular Tachycardia; Cardiac Failure; Arterial Hypertension,"","",Yes,230000,"Lasso to flag to predict potential drug-drug interactions (binary), then isolating resulting drug pairings to predict DDI-related cardiovascular ADEs (binary) using random forest models",Logistic Regression,Random Forest,Supervised,Off the shelf method,From scratch,Yes,Other: Maybe,No,No
577,Lao 2021,Assessing taxane-associated adverse events using the FDA adverse event reporting system database,Consensus,FAERS (FDA AE db),Public,Drug(s),"",Taxanes,"",Yes,3449,Disproportionality study,ROR,PRR; Gamma-Poisson shrinker; BCPNN; logistic regression,Stats,Off the shelf method,From scratch,No,No,Yes,No
571,Meng 2019,Assessing fluoroquinolone-associated aortic aneurysm and dissection: Data mining of the public version of the FDA adverse event reporting system,Consensus,FAERS (FDA AE db),Public,Disease(s) and Drug(s),Aortic aneurysm and dissection,Fluoroquinolone,N/A,Yes,3721 adverse event reports,Determine how fluoroquinolones affect the risk of aortic aneurysm and dissection adverse event reports in FAERS,BCPNN (Bayesian Confidence Propagation Neural Network),Empirical Bayes; ROR; PRR,Stats,Off the shelf method,From scratch,No,No,Yes,No
458,Bonneterre 2012,Application of pharmacovigilance methods in occupational health surveillance: comparison of seven disproportionality metrics,Consensus,Other: French Database,Public,Other: Methods comparison,"","","",Yes,81123,Comparison of multiple disproportionality statistics in a French drug report database,BCPNN (Bayesian Confidence Propagation Neural Network),PRR; ROR; Gamma-Poisson shrinker,Stats,Off the shelf method,From scratch,No,No,No,No
446,CorreiaPinheiro 2020,An Application of Machine Learning in Pharmacovigilance: Estimating Likely Patient Genotype From Phenotypical Manifestations of Fluoropyrimidine Toxicity,Consensus,Other: EudraVigilance,Public,Drug(s),"",Fluoropyrimidine,"",Yes,"126,890 ICSRs",Estimating Likely Patient Genotype From Phenotypical Manifestations of Fluoropyrimidine Toxicity,Random Forest,gradient boosting machines; generalized linear models,Supervised,Off the shelf method,From scratch,No,Other: No,Yes,No
420,Hauben 2004,Application of an empiric Bayesian data mining algorithm to reports of pancreatitis associated with atypical antipsychotics,Consensus,FAERS (FDA AE db),Public,Disease(s) and Drug(s),Pancreatitis,Antipsychotics,"",No,"",Disproportionality study for a drug and disease,Gamma-Poisson shrinker,"",Stats,Off the shelf method,From scratch,No,No,Yes,No
402,Kimura 2015,Antipsychotics-associated serious adverse events in children: an analysis of the FAERS database,Consensus,FAERS (FDA AE db),Public,Drug(s),"",Antipsychotics,"",Yes,94635,Disproportionality study,ROR,empirical Bayes; PRR; BCPNN,Stats,Off the shelf method,From scratch,No,No,Yes,No
398,Coulter 2001,Antipsychotic drugs and heart muscle disorder in international pharmacovigilance: data mining study,Consensus,Other: WHO database,Public,Disease(s) and Drug(s),cardiomyopathy; myocarditis,antipsychotics,"",Yes,2500000,Detecting relationship between cardiac events and antipsychotic drugs,BCPNN (Bayesian Confidence Propagation Neural Network),"",Stats,Off the shelf method,From scratch,No,No,Yes,No
389,Ekman 2010,"Antihypertensive drugs and erectile dysfunction as seen in spontaneous reports, with focus on angiotensin II type 1 receptor blockers",Consensus,Other: MPA (Swedish AE db),Public,Disease(s) and Drug(s),Erectile dysfunction,antihypertensive drugs,"",Yes,23176,Calculating information component of relationship between ED and antihypertension drugs,BCPNN (Bayesian Confidence Propagation Neural Network),"",Stats,Off the shelf method,From scratch,No,No,Yes,No
378,Gallagher 2012,Antidepressant response in patients with major depression exposed to NSAIDs: a pharmacovigilance study,Consensus,Other: STAR*D cohort,Other: Unknown,Disease(s) and Drug(s),Antidepressants,NSAID,"",Yes,127504,identify individuals who either achieved remission with SSRI monotherapy or remained depressed despite two or more antidepressant treatments with logistic regression,Logistic Regression,"",Supervised,Off the shelf method,From scratch,No,Yes,No,No
329,Komada 2018,Analysis of time-to-onset of interstitial lung disease after the administration of small molecule molecularly-targeted drugs,Consensus,JAERS (Japan AE db),Public,Disease(s) and Drug(s),Interstitial Lung Disease,Small Molecularly-targeted Drugs,"",No,"",Time-to-event analysis for potential ADR with high mortality,Other: Hierarchical Clustering,"",Stats,Off the shelf method,From scratch,No,No,No,No
328,Komada 2018,Analysis of time-to-onset and onset-pattern of interstitial lung disease after the administration of monoclonal antibody agents,Consensus,Twitter,Public,Disease(s) and Drug(s),Interstitial Lung Disease,Monoclonal Antibodies,"",No,"",Time-to-event analysis for potential ADR associated with drug class,Other: Hierarchical Clustering,ROR,Stats,Off the shelf method,From scratch,No,No,No,No
323,Korkontzelos 2016,Analysis of the effect of sentiment analysis on extracting adverse drug reactions from tweets and forum posts,Consensus,Other: Twitter; Online Posts,Public,Methods development,"","",Sentiment analysis architecture and application innovations,Yes,8061,Flagging ADR concepts (binary) and discriminating ADR events from indication mentions (binary),Other: CRF,N-grams; Word Embeddings,Supervised,Off the shelf method,From scratch,Yes,No,No,No
292,Jeon 2020,Analysis of Adverse Drug Reactions Identified in Nursing Notes Using Reinforcement Learning,Consensus,EHR data,Private,Methods development,"","",Reinforcement learning for identifying ADEs in nurse notes compared to other models,Yes,4625547,Predict ADE relevant phrases in nurse notes (binary) and the context of the phrase (nominal with 7 categories),CNN,Naive Bayes; SVM; LSTM,Supervised,Off the shelf method,From scratch,No,Other: Maybe,No,Yes
260,Hedenmalm 2006,Alopecia associated with treatment with selective serotonin reuptake inhibitors (SSRIs),Consensus,Other: SWEDIS (Swedish AE db),Public,Disease(s) and Drug(s),Alopecia,SSRI,"",Yes,90000,Disproportionality study for drug and disease,BCPNN (Bayesian Confidence Propagation Neural Network),"",Stats,Off the shelf method,From scratch,No,No,Yes,No
218,Muhammad 2011,Adverse events following trivalent inactivated influenza vaccination in children: Analysis of the vaccine adverse event reporting system,Consensus,VAERS (Vaccine AE db,Public,Drug(s),Trivalent Inactivated Influenza Vaccination in kids,"","",Yes,2054,Disproportionality study,Empirical Bayes,Gamma-poisson shrinker,Stats,Off the shelf method,From scratch,No,No,Yes,No
217,Myers 2017,"Adverse events following quadrivalent meningococcal CRM-conjugate vaccine (Menveo®) reported to the Vaccine Adverse Event Reporting system (VAERS), 2010–2015",Consensus,VAERS (Vaccine AE db,Public,Drug(s),"",Quadrivalent Meningococcal CRM-Conjugate Vaccine,"",Yes,2614,Disproportionality study,Empirical Bayes,"",Stats,Off the shelf method,From scratch,No,No,Yes,No
213,Dores 2019,"Adverse Events Associated with the Use of Sipuleucel-T Reported to the US Food and Drug Administration's Adverse Event Reporting System, 2010-2017",Consensus,FAERS (FDA AE db),Public,Disease(s) and Drug(s),CRPC (Castration-resistant prostate cancer),Sipuleucel-T,N/A,Yes,3216,Detect disproportionate adverse events due to Sipuleucel-T usage in FAERS.,Empirical Bayes,Multi-Item Gamma Poisson Shrinker,Stats,Off the shelf method,From scratch,No,No,Yes,No
207,Huang 2020,Adverse event profiles of dipeptidyl peptidase-4 inhibitors: Data mining of the public version of the FDA adverse event reporting system,Consensus,FAERS (FDA AE db),Public,Drug(s),"",dipeptidyl peptidase-4,"",Yes,9706,Disproportionality study,ROR,"",Stats,Off the shelf method,From scratch,No,No,Yes,No
206,Kadoyama 2012,"Adverse event profiles of 5-fluorouracil and capecitabine: data mining of the public version of the FDA Adverse Event Reporting System, AERS, and reproducibility of clinical observations",Consensus,FAERS (FDA AE db),Public,Drug(s),"",5-fluorouracil; capecitabine,"",Yes,1644220,Disproportionality study of AE for 5-fluorouracil and capecitabine,ROR,PRR; BCPNN; empirical Bayes,Stats,Off the shelf method,From scratch,No,No,Yes,No
205,Kadoyama 2012,Adverse event profile of tigecycline: data mining of the public version of the U.S. Food and Drug Administration adverse event reporting system,Consensus,FAERS (FDA AE db),Public,Drug(s),"",Tigecycline,"",Yes,1644220,Disproportionality study,ROR,PRR; BCPNN; empirical Bayes,Stats,Off the shelf method,From scratch,No,No,Yes,No
201,Modayil 2010,Adverse drug reactions to antiretroviral therapy (ART): an experience of spontaneous reporting and intensive monitoring from ART centre in India,Consensus,Other: Spontaneous reporting from ART Centre in India,Private,Drug(s),N/A,antiretroviral therapy,N/A,Yes,400 patients,"Multivariate logistic regression was used to identify risk factors for ADRs to antiretroviral therapy, and spontaneous reporting was assessed using BCPNN",Logistic Regression,BCPNN,Stats,Off the shelf method,From scratch,No,No,No,No
186,Dandala 2019,Adverse Drug Events Detection in Clinical Notes by Jointly Modeling Entities and Relations Using Neural Networks,Consensus,EHR data,Private,Methods development,"","",Novel neural net architecture for free text data mining used in ADR detection,Yes,1089,Entity and relationship extraction from free text to identify ADRs and drugs,LSTM,CRF; CNN,Supervised,Authors made novel changes,From scratch,No,Yes,No,No
185,Christopoulou 2020,Adverse drug events and medication relation extraction in electronic health records with ensemble deep learning methods,Consensus,Other: n2c2,Public,Methods development,"","",incorporated state-of-the-art named-entity recognition (NER) models based on bidirectional long short-term memory (BiLSTM) networks and conditional random fields (CRF) for end-to-end extraction,Yes,44475,the n2c2 shared-task in extracting relations between medication-related entities in electronic health,LSTM,Transformer; Conditional Random Field,Supervised,Authors made novel changes,From scratch,No,Yes,Yes,No
180,A 2017,Adverse Drug Event Discovery Using Biomedical Literature: A Big Data Neural Network Adventure,Consensus,Other: Internet crawl,Private,Methods development,"","",Using neural networks to identify ADEs across papers and text,Yes,43220,Using word2vec to identify sentences with ADEs,Other: word2vec,"",Supervised,Off the shelf method,From scratch,No,No,No,No
175,Dai 2020,Adverse drug event and medication extraction in electronic health records via a cascading architecture with different sequence labeling models and word embeddings,Consensus,EHR data,Public,Methods development,"","",Ensemble approach to concept flagging in free text,Yes,505,Method comparison for named entity recognition for medical concepts in free text,LSTM,CRF; Word Embeddings,Supervised,Off the shelf method,From scratch,Yes,No,No,No
174,El-Allaly 2019,An adverse drug effect mentions extraction method based on weighted online recurrent extreme learning machine,Consensus,Other: ADE corpus from MEDLINE case reports,Public,Methods development,N/A,N/A,WOR-ELM,Yes,"6821 positive ADE sentences, 16695 negative ADE sentences",Identify drug and disease mentions in biomedical text with a weighted online recurrent extreme learning machine.,Other: Weighted online recurrent extreme learning machine,LSTM,Supervised,Authors made novel changes,Transfer learning,No,Yes,Yes,No
173,LianDuan 2013,Adverse drug effect detection,Consensus,Other: Simulated OMOP dataset,Private,Methods development,N/A,N/A,Ensemble of two disproportionality analysis and bayesian network model to detect signals,Yes,10 million people,"Developed and used an ensemble of disproportionality analysis with BCPNN, likelihood ratio, and a bayesian network model to find associations between drugs and ADEs in a simulated dataset.",BCPNN (Bayesian Confidence Propagation Neural Network),Likelihood Ratio; Bayesian Network Model,Stats,Authors made novel changes,From scratch,Other: External information to construct the simulated dataset OMOP,No,No,No
172,Blumenthal 2017,Adverse and Hypersensitivity Reactions to Prescription Nonsteroidal Anti-Inflammatory Agents in a Large Health Care System,Consensus,EHR data,Private,Drug(s),"","Prescription NSAIDs: diclofenac, indomethacin, nabumetone, prioxicam","",Yes,62719,Classified NSAID ADRs as hypersensitivity reactions or side effects,Logistic Regression,"",Supervised,Off the shelf method,From scratch,Other: Used PEAR database for labels and choosing the NSAIDs to test,Other: Maybe not super advanced but they had a lot of nice figures and it was well written for what it was,No,No
118,Bayer 2021,ADE Eval: An Evaluation of Text Processing Systems for Adverse Event Extraction from Drug Labels for Pharmacovigilance,Consensus,Other: Annotated test corpus,Private,Methods development,"","",NLP to summarize adverse effects labeled in package inserts to improve on manual pharmacovigilance workflows,Yes,2100,NLP named entity recognition of ADRs in drug package inserts,LSTM,CRF,Supervised,Off the shelf method,From scratch,No,Other: Maybe,Other: Yes,No
92,Chen 2021,Acute kidney injury following the use of different proton pump inhibitor regimens: A real-world analysis of post-marketing surveillance data,Consensus,FAERS (FDA AE db),Public,Disease(s) and Drug(s),Acute kidney injury,Proton pump inhibitors,None,Yes,19522,BCPNN to detect AKI after PPI usage,BCPNN (Bayesian Confidence Propagation Neural Network),ROR; PRR; Gamma-Poisson shrinker,Stats,Off the shelf method,From scratch,No,No,Yes,No
